Time,Gap value,rho,System objective value,iteration
91.5331,0.955669,100,625462,1
121.588,0.00958605,1000,625631,2
151.81,0.000103392,10000,625648,3
181.976,1.36369e-06,100000,625650,4
