Time,Gap value,rho,System objective value,iteration
144.847,0.025166,100,1.41778e+06,1
173.563,0.000284027,10000,1.41778e+06,2
213.321,6.08596e-06,1e+06,1.41779e+06,3
