Time,Gap value,rho,System objective value,iteration
48.7695,18.1245,100,724773,1
97.4576,0.223354,1000,728159,2
146.3,0.00227809,10000,728564,3
194.576,2.27154e-05,100000,728605,4
