Time,Gap value,rho,System objective value,iteration
25.6573,1.90119,100,716410,1
51.0291,0.0242849,1000,716775,2
75.7742,0.000253738,10000,716819,3
101.022,3.46894e-06,100000,716823,4
