Time,Gap value,rho,System objective value,iteration
24.2686,0.276916,100,28124.9,1
48.0469,0.00297797,1000,28175.5,2
71.3376,2.99611e-05,10000,28180.8,3
