Time,Gap value,rho,System objective value,iteration
145.096,0.025166,100,1.41778e+06,1
183.031,0.000845155,5000,1.41777e+06,2
217.4,7.40984e-06,250000,1.41778e+06,3
