Time,Gap value,rho,System objective value,iteration
812.087,6.94323,100,923938,1
2012.13,0.0702169,1000,925230,2
2472.18,0.000829103,10000,925362,3
2558.03,7.84232e-06,100000,925366,4
