Time,Gap value,Tolling charge gap value,Rho,System objective value,Iteration
0,1.79769e+308,1.79769e+308,100,631411,0
2.48712,8.14123e-09,0.000857724,100,631161,1
