Time,Gap value,rho,System objective value,iteration
2000.66,8.24408,100,1.3612e+06,1
2180.05,4.28519e-05,10000,1.36293e+06,2