Time,Gap value,rho,System objective value,iteration
2025.96,8.24408,100,1.3612e+06,1
2134.39,0.00426008,5000,1.36291e+06,2
2401.27,7.1372e-05,250000,1.36296e+06,3